,age,trestbps,chol,thalch,oldpeak
count,920.0,861.0,890.0,865.0,858.0
mean,53.51086956521739,132.13240418118468,199.13033707865168,137.5456647398844,0.8787878787878788
std,9.424685209576857,19.066069518587476,110.7808103532305,25.926276492797594,1.0912262483465298
min,28.0,0.0,0.0,60.0,-2.6
25%,47.0,120.0,175.0,120.0,0.0
50%,54.0,130.0,223.0,140.0,0.5
75%,60.0,140.0,268.0,157.0,1.5
max,77.0,200.0,603.0,202.0,6.2
